<?xml version="1.0" encoding="UTF-8"?>
<beans xmlns="http://www.springframework.org/schema/beans"
	xmlns:xsi="http://www.w3.org/2001/XMLSchema-instance"
	xmlns:context="http://www.springframework.org/schema/context"
	xsi:schemaLocation="http://www.springframework.org/schema/beans
		https://www.springframework.org/schema/beans/spring-beans.xsd
		http://www.springframework.org/schema/context
		https://www.springframework.org/schema/context/spring-context.xsd">

	<context:annotation-config/>

    <bean class="com.springcore.auto.wire.annotation.Address" name="address">
        <property name="street" value="Siddhivinayak Nagar"/>
        <property name="city" value="Yavatmal"/>
    </bean>
    
     <bean class="com.springcore.auto.wire.annotation.Address" name="address1">
        <property name="street" value="Kale Layout"/>
        <property name="city" value="Mumbai"/>
    </bean>

    <bean class="com.springcore.auto.wire.annotation.Emp" name="emp1" />

</beans>
