<?xml version="1.0" encoding="UTF-8"?>
<beans xmlns="http://www.springframework.org/schema/beans"
       xmlns:xsi="http://www.w3.org/2001/XMLSchema-instance"
       xmlns:context="http://www.springframework.org/schema/context"
       xmlns:p="http://www.springframework.org/schema/p"
       xmlns:util="http://www.springframework.org/schema/util"
       xsi:schemaLocation="http://www.springframework.org/schema/beans
                           http://www.springframework.org/schema/beans/spring-beans.xsd
                           http://www.springframework.org/schema/context
                           http://www.springframework.org/schema/context/spring-context.xsd
                           http://www.springframework.org/schema/util
                           http://www.springframework.org/schema/util/spring-util.xsd">

    <context:component-scan base-package="com.springcore.stereotype" />

    <util:list list-class="java.util.ArrayList" id="temp">
        <value>YAVATMAL</value>
        <value>PUNE</value>
        <value>NAGPUR</value>
        <value>MUMBAI</value>
        <value>THANE</value>
    </util:list>
    
    <bean class="com.springcore.stereotype.Teacher" name="teacher" scope="prototype"/>
</beans>