<?xml version="1.0" encoding="UTF-8"?>
<beans xmlns="http://www.springframework.org/schema/beans"
xmlns:xsi="http://www.w3.org/2001/XMLSchema-instance" xmlns:context="
http://www.springframework.org/schema/context"
xmlns:p="http://www.springframework.org/schema/p"
xmlns:util="http://www.springframework.org/schema/util"
xsi:schemaLocation="http://www.springframework.org/schema/beans
http://www.springframework.org/schema/beans/spring-beans.xsd
http://www.springframework.org/schema/context
http://www.springframework.org/schema/context/spring-context.xsd
http://www.springframework.org/schema/util
http://www.springframework.org/schema/util/spring-util.xsd">

<!-- Standalone List-->
<util:list list-class="java.util.LinkedList" id="mybestfriends">
<value>Aniket</value>
<value>Bodhe</value>
<value>Vijay</value>
<value>Setupati</value>
<value>Thalapathi</value>

</util:list>

<util:map map-class="java.util.HashMap" id="fee">
<entry key="Java" value="10000"></entry>
<entry key="C " value="50000"></entry>
<entry key="Python" value="20000"></entry>
<entry key="Spring" value="70000"></entry>
<entry key="Hibernate" value="11000"></entry>

</util:map>




<bean  class="com.springcore.standalone.collections.Person" name="person1">
<!--<property name="friends">
<ref bean="mybestfriends"/> 
</property> --> 

<property name = "friends" ref="mybestfriends"/>
<property name = "feestructure" ref="fee"/>

</bean>

</beans>