<?xml version="1.0" encoding="UTF-8"?>
<beans xmlns="http://www.springframework.org/schema/beans"
       xmlns:xsi="http://www.w3.org/2001/XMLSchema-instance"
       xmlns:context="http://www.springframework.org/schema/context"
       xmlns:mvc="http://www.springframework.org/schema/mvc"
       xmlns:p="http://www.springframework.org/schema/p"
       xmlns:tx="http://www.springframework.org/schema/tx"
       xsi:schemaLocation="http://www.springframework.org/schema/beans
                           http://www.springframework.org/schema/beans/spring-beans.xsd
                           http://www.springframework.org/schema/context
                           http://www.springframework.org/schema/context/spring-context.xsd
						   http://www.springframework.org/schema/tx
						   http://www.springframework.org/schema/tx/spring-tx.xsd
 						   http://www.springframework.org/schema/mvc
						   http://www.springframework.org/schema/mvc/spring-mvc.xsd">



<context:component-scan base-package="springmvcsearch"></context:component-scan>
<mvc:annotation-driven/>
<mvc:resources location = "/WEB-INF/resources/" mapping="/resources/**"/>

    <!--Configure View Resolver-->
<bean class="org.springframework.web.servlet.view.InternalResourceViewResolver"
 name="viewResolver">
<property name="prefix" value="/WEB-INF/views/"></property>
<property name="suffix" value=".jsp"></property>
<!--/WEB-INF/views/Hello.jsp  :-path looks like this -->
</bean>


</beans>