<?xml version="1.0" encoding="UTF-8"?>
<beans xmlns="http://www.springframework.org/schema/beans"
xmlns:xsi="http://www.w3.org/2001/XMLSchema-instance" xmlns:context="
http://www.springframework.org/schema/context"
xmlns:p="http://www.springframework.org/schema/p"
xsi:schemaLocation="http://www.springframework.org/schema/beans
http://www.springframework.org/schema/beans/spring-beans.xsd
http://www.springframework.org/schema/context
http://www.springframework.org/schema/context/spring-context.xsd">


<bean name="emp1" class="com.springcore.collections.Emp" >
<property name="name" value="Aniket "/>

<property name="phone">
<list>
<value>746846868</value>
<value>586815464</value>
<value>094864868</value>
<value>778556868</value>
<null/>
</list>
</property>

<property name="address">
<set>
<value>Yavatmal</value>
<value>Delhi</value>
<value>Pune</value>
</set>
</property>

<property name="courses">
<map>
<entry key="Java" value="2 month"/>
<entry key="Python" value="1.5 month"/>
<entry key="C++" value="1 month"/>
</map>
</property>


<!--  use of properties i.e. legacy class of collection
<bean>
<property name="">
<props>
<prop key="name">durgesh</prop> <prop key="channelName">Learncodewith Durgesh</prop>
</props>
</property>
</bean
-->



</bean>
</beans>