<?xml version="1.0" encoding="UTF-8"?>
<beans xmlns="http://www.springframework.org/schema/beans"
xmlns:xsi="http://www.w3.org/2001/XMLSchema-instance" xmlns:context="
http://www.springframework.org/schema/context"
xmlns:p="http://www.springframework.org/schema/p"
xsi:schemaLocation="http://www.springframework.org/schema/beans
http://www.springframework.org/schema/beans/spring-beans.xsd
http://www.springframework.org/schema/context
http://www.springframework.org/schema/context/spring-context.xsd">


<bean class="com.springcore.constructorinjection.Certi" name="Cert">
<constructor-arg value="Swing Using Java"></constructor-arg>
</bean>


<bean class="com.springcore.constructorinjection.Person" name="Person">
<constructor-arg value="Aniket"/>
<constructor-arg value="12" type="int"/>
<constructor-arg ref="Cert"/>
</bean>

<bean class="com.springcore.constructorinjection.Addition" name="Addition">
<constructor-arg value="12"/>
<constructor-arg value="34"/>  <!-- we have to use type if we want int int constructor to run-->
							   <!-- we can to use index to set order-->
	
</bean>

</beans>